name,Attack,Clean_Loss,Clean_Acc,Adversarial_Loss,Adversarial_Acc,Attack_Success_Rate,Robustness_Gap
cifar2_ntrain500__rep1,FGSM,0.29897797107696533,0.9300000071525574,0.580698549747467,0.9300000071525574,0.06999999284744263,0.0
cifar2_ntrain500__rep1,PGD,0.29897797107696533,0.9300000071525574,0.5456165671348572,0.9300000071525574,0.06999999284744263,0.0
cifar2_ntrain500__rep1,APGD,0.29897797107696533,0.9300000071525574,0.525063157081604,0.9300000071525574,0.06999999284744263,0.0
cifar2_ntrain500__rep1,MIM,0.29897797107696533,0.9300000071525574,0.5808373689651489,0.9300000071525574,0.06999999284744263,0.0
cifar2_ntrain500__rep1,SA,0.29897797107696533,0.9300000071525574,0.5657514929771423,0.9300000071525574,0.06999999284744263,0.0
cifar2_ntrain500__rep2,FGSM,0.2053104192018509,0.949999988079071,0.45847347378730774,0.9399999976158142,0.06000000238418579,0.009999990463256836
cifar2_ntrain500__rep2,PGD,0.2053104192018509,0.949999988079071,0.3789460361003876,0.9399999976158142,0.06000000238418579,0.009999990463256836
cifar2_ntrain500__rep2,APGD,0.2053104192018509,0.949999988079071,0.32983383536338806,0.949999988079071,0.050000011920928955,0.0
cifar2_ntrain500__rep2,MIM,0.2053104192018509,0.949999988079071,0.4584875702857971,0.9399999976158142,0.06000000238418579,0.009999990463256836
cifar2_ntrain500__rep2,SA,0.2053104192018509,0.949999988079071,0.37887707352638245,0.949999988079071,0.050000011920928955,0.0
cifar2_ntrain500__rep3,FGSM,0.6878288388252258,0.5600000023841858,0.7085900902748108,0.5600000023841858,0.4399999976158142,0.0
cifar2_ntrain500__rep3,PGD,0.6878288388252258,0.5600000023841858,0.6998521089553833,0.5600000023841858,0.4399999976158142,0.0
cifar2_ntrain500__rep3,APGD,0.6878288388252258,0.5600000023841858,0.6937915086746216,0.5600000023841858,0.4399999976158142,0.0
cifar2_ntrain500__rep3,MIM,0.6878288388252258,0.5600000023841858,0.7085899710655212,0.5600000023841858,0.4399999976158142,0.0
cifar2_ntrain500__rep3,SA,0.6878288388252258,0.5600000023841858,0.7100347876548767,0.5600000023841858,0.4399999976158142,0.0
cifar2_ntrain500__rep4,FGSM,0.24017982184886932,0.9199999570846558,0.4703368544578552,0.9199999570846558,0.08000004291534424,0.0
cifar2_ntrain500__rep4,PGD,0.24017982184886932,0.9199999570846558,0.3904743790626526,0.9199999570846558,0.08000004291534424,0.0
cifar2_ntrain500__rep4,APGD,0.24017982184886932,0.9199999570846558,0.3427690863609314,0.9199999570846558,0.08000004291534424,0.0
cifar2_ntrain500__rep4,MIM,0.24017982184886932,0.9199999570846558,0.47055646777153015,0.9199999570846558,0.08000004291534424,0.0
cifar2_ntrain500__rep4,SA,0.24017982184886932,0.9199999570846558,0.3959365487098694,0.9199999570846558,0.08000004291534424,0.0
cifar2_ntrain500__rep5,FGSM,0.2453022301197052,0.9099999666213989,0.5092294812202454,0.8999999761581421,0.10000002384185791,0.009999990463256836
cifar2_ntrain500__rep5,PGD,0.2453022301197052,0.9099999666213989,0.44097900390625,0.9099999666213989,0.09000003337860107,0.0
cifar2_ntrain500__rep5,APGD,0.2453022301197052,0.9099999666213989,0.39830657839775085,0.9199999570846558,0.08000004291534424,-0.009999990463256836
cifar2_ntrain500__rep5,MIM,0.2453022301197052,0.9099999666213989,0.5092294812202454,0.8999999761581421,0.10000002384185791,0.009999990463256836
cifar2_ntrain500__rep5,SA,0.2453022301197052,0.9099999666213989,0.441465824842453,0.9099999666213989,0.09000003337860107,0.0
cifar2_ntrain1000__rep1,FGSM,0.27394717931747437,0.9149999618530273,0.558208703994751,0.5699999928474426,0.4300000071525574,0.3449999690055847
cifar2_ntrain1000__rep1,PGD,0.27394717931747437,0.9149999618530273,0.5016509890556335,0.5699999928474426,0.4300000071525574,0.3449999690055847
cifar2_ntrain1000__rep1,APGD,0.27394717931747437,0.9149999618530273,0.46815162897109985,0.5699999928474426,0.4300000071525574,0.3449999690055847
cifar2_ntrain1000__rep1,MIM,0.27394717931747437,0.9149999618530273,0.5588716268539429,0.5699999928474426,0.4300000071525574,0.3449999690055847
cifar2_ntrain1000__rep1,SA,0.27394717931747437,0.9149999618530273,0.4947410523891449,0.5399999618530273,0.46000003814697266,0.375
cifar2_ntrain1000__rep2,FGSM,0.3011340796947479,0.8899999856948853,0.5966758728027344,0.875,0.125,0.014999985694885254
cifar2_ntrain1000__rep2,PGD,0.3011340796947479,0.8899999856948853,0.5189536809921265,0.875,0.125,0.014999985694885254
cifar2_ntrain1000__rep2,APGD,0.3011340796947479,0.8899999856948853,0.4721452295780182,0.8799999952316284,0.12000000476837158,0.009999990463256836
cifar2_ntrain1000__rep2,MIM,0.3011340796947479,0.8899999856948853,0.5979340076446533,0.875,0.125,0.014999985694885254
cifar2_ntrain1000__rep2,SA,0.3011340796947479,0.8899999856948853,0.48642534017562866,0.8799999952316284,0.12000000476837158,0.009999990463256836
cifar2_ntrain1000__rep3,FGSM,0.286428302526474,0.9099999666213989,0.6092497706413269,0.429999977350235,0.5700000524520874,0.47999998927116394
cifar2_ntrain1000__rep3,PGD,0.286428302526474,0.9099999666213989,0.5712217688560486,0.429999977350235,0.5700000524520874,0.47999998927116394
cifar2_ntrain1000__rep3,APGD,0.286428302526474,0.9099999666213989,0.5476592183113098,0.429999977350235,0.5700000524520874,0.47999998927116394
cifar2_ntrain1000__rep3,MIM,0.286428302526474,0.9099999666213989,0.6112697720527649,0.429999977350235,0.5700000524520874,0.47999998927116394
cifar2_ntrain1000__rep3,SA,0.286428302526474,0.9099999666213989,0.5998648405075073,0.375,0.625,0.5349999666213989
cifar2_ntrain1000__rep4,FGSM,0.25522926449775696,0.9300000071525574,0.5859891176223755,0.429999977350235,0.5700000524520874,0.5
cifar2_ntrain1000__rep4,PGD,0.25522926449775696,0.9300000071525574,0.55131596326828,0.429999977350235,0.5700000524520874,0.5
cifar2_ntrain1000__rep4,APGD,0.25522926449775696,0.9300000071525574,0.5292214751243591,0.429999977350235,0.5700000524520874,0.5
cifar2_ntrain1000__rep4,MIM,0.25522926449775696,0.9300000071525574,0.5880090594291687,0.429999977350235,0.5700000524520874,0.5
cifar2_ntrain1000__rep4,SA,0.25522926449775696,0.9300000071525574,0.572041392326355,0.38499999046325684,0.6150000095367432,0.5450000166893005
cifar2_ntrain1000__rep5,FGSM,0.2576102316379547,0.9199999570846558,0.5410063862800598,0.9149999618530273,0.08500003814697266,0.004999995231628418
cifar2_ntrain1000__rep5,PGD,0.2576102316379547,0.9199999570846558,0.482399046421051,0.9199999570846558,0.08000004291534424,0.0
cifar2_ntrain1000__rep5,APGD,0.2576102316379547,0.9199999570846558,0.44817712903022766,0.9199999570846558,0.08000004291534424,0.0
cifar2_ntrain1000__rep5,MIM,0.2576102316379547,0.9199999570846558,0.5422766208648682,0.9149999618530273,0.08500003814697266,0.004999995231628418
cifar2_ntrain1000__rep5,SA,0.2576102316379547,0.9199999570846558,0.4708273112773895,0.9199999570846558,0.08000004291534424,0.0
cifar2_ntrain2000__rep1,FGSM,0.20399528741836548,0.9424999952316284,0.45458894968032837,0.9274999499320984,0.07250005006790161,0.01500004529953003
cifar2_ntrain2000__rep1,PGD,0.20399528741836548,0.9424999952316284,0.3754328191280365,0.9300000071525574,0.06999999284744263,0.012499988079071045
cifar2_ntrain2000__rep1,APGD,0.20399528741836548,0.9424999952316284,0.3285086750984192,0.9399999976158142,0.06000000238418579,0.002499997615814209
cifar2_ntrain2000__rep1,MIM,0.20399528741836548,0.9424999952316284,0.45488494634628296,0.9274999499320984,0.07250005006790161,0.01500004529953003
cifar2_ntrain2000__rep1,SA,0.20399528741836548,0.9424999952316284,0.3649153411388397,0.9325000047683716,0.06749999523162842,0.009999990463256836
cifar2_ntrain2000__rep2,FGSM,0.24782535433769226,0.9350000023841858,0.5649359226226807,0.9274999499320984,0.07250005006790161,0.007500052452087402
cifar2_ntrain2000__rep2,PGD,0.24782535433769226,0.9350000023841858,0.5229816436767578,0.9274999499320984,0.07250005006790161,0.007500052452087402
cifar2_ntrain2000__rep2,APGD,0.24782535433769226,0.9350000023841858,0.4968635141849518,0.9274999499320984,0.07250005006790161,0.007500052452087402
cifar2_ntrain2000__rep2,MIM,0.24782535433769226,0.9350000023841858,0.5686591267585754,0.9274999499320984,0.07250005006790161,0.007500052452087402
cifar2_ntrain2000__rep2,SA,0.24782535433769226,0.9350000023841858,0.5364693403244019,0.9325000047683716,0.06749999523162842,0.002499997615814209
cifar2_ntrain2000__rep3,FGSM,0.26366931200027466,0.92249995470047,0.585169792175293,0.92249995470047,0.07750004529953003,0.0
cifar2_ntrain2000__rep3,PGD,0.26366931200027466,0.92249995470047,0.540955662727356,0.92249995470047,0.07750004529953003,0.0
cifar2_ntrain2000__rep3,APGD,0.26366931200027466,0.92249995470047,0.5153107047080994,0.92249995470047,0.07750004529953003,0.0
cifar2_ntrain2000__rep3,MIM,0.26366931200027466,0.92249995470047,0.585547149181366,0.92249995470047,0.07750004529953003,0.0
cifar2_ntrain2000__rep3,SA,0.26366931200027466,0.92249995470047,0.5552787780761719,0.92249995470047,0.07750004529953003,0.0
cifar2_ntrain2000__rep4,FGSM,0.21925115585327148,0.9350000023841858,0.4686342775821686,0.9325000047683716,0.06749999523162842,0.002499997615814209
cifar2_ntrain2000__rep4,PGD,0.21925115585327148,0.9350000023841858,0.390686571598053,0.9325000047683716,0.06749999523162842,0.002499997615814209
cifar2_ntrain2000__rep4,APGD,0.21925115585327148,0.9350000023841858,0.34332743287086487,0.9325000047683716,0.06749999523162842,0.002499997615814209
cifar2_ntrain2000__rep4,MIM,0.21925115585327148,0.9350000023841858,0.4686342775821686,0.9325000047683716,0.06749999523162842,0.002499997615814209
cifar2_ntrain2000__rep4,SA,0.21925115585327148,0.9350000023841858,0.3959975242614746,0.9325000047683716,0.06749999523162842,0.002499997615814209
cifar2_ntrain2000__rep5,FGSM,0.187233105301857,0.949999988079071,0.48817718029022217,0.5475000143051147,0.45249998569488525,0.4024999737739563
cifar2_ntrain2000__rep5,PGD,0.187233105301857,0.949999988079071,0.4461268186569214,0.5475000143051147,0.45249998569488525,0.4024999737739563
cifar2_ntrain2000__rep5,APGD,0.187233105301857,0.949999988079071,0.42435920238494873,0.5475000143051147,0.45249998569488525,0.4024999737739563
cifar2_ntrain2000__rep5,MIM,0.187233105301857,0.949999988079071,0.48861411213874817,0.5475000143051147,0.45249998569488525,0.4024999737739563
cifar2_ntrain2000__rep5,SA,0.187233105301857,0.949999988079071,0.4647153317928314,0.5174999833106995,0.48250001668930054,0.4325000047683716
cifar2_ntrain5000__rep1,FGSM,0.18991778790950775,0.9500000476837158,0.45594707131385803,0.940000057220459,0.059999942779541016,0.009999990463256836
cifar2_ntrain5000__rep1,PGD,0.18991778790950775,0.9500000476837158,0.3785880506038666,0.9430000185966492,0.05699998140335083,0.00700002908706665
cifar2_ntrain5000__rep1,APGD,0.18991778790950775,0.9500000476837158,0.3320116698741913,0.9450000524520874,0.0549999475479126,0.004999995231628418
cifar2_ntrain5000__rep1,MIM,0.18991778790950775,0.9500000476837158,0.45625966787338257,0.940000057220459,0.059999942779541016,0.009999990463256836
cifar2_ntrain5000__rep1,SA,0.18991778790950775,0.9500000476837158,0.3627301752567291,0.9460000395774841,0.05399996042251587,0.0040000081062316895
cifar2_ntrain5000__rep2,FGSM,0.21149782836437225,0.9490000605583191,0.584886372089386,0.6200000047683716,0.3799999952316284,0.3290000557899475
cifar2_ntrain5000__rep2,PGD,0.21149782836437225,0.9490000605583191,0.5179281234741211,0.6890000104904175,0.3109999895095825,0.2600000500679016
cifar2_ntrain5000__rep2,APGD,0.21149782836437225,0.9490000605583191,0.47833406925201416,0.7310000061988831,0.26899999380111694,0.21800005435943604
cifar2_ntrain5000__rep2,MIM,0.21149782836437225,0.9490000605583191,0.584886372089386,0.6200000047683716,0.3799999952316284,0.3290000557899475
cifar2_ntrain5000__rep2,SA,0.21149782836437225,0.9490000605583191,0.5005142092704773,0.6760000586509705,0.32399994134902954,0.27300000190734863
cifar2_ntrain5000__rep3,FGSM,0.22512516379356384,0.9500000476837158,0.5291670560836792,0.9380000233650208,0.06199997663497925,0.012000024318695068
cifar2_ntrain5000__rep3,PGD,0.22512516379356384,0.9500000476837158,0.4835647940635681,0.9410000443458557,0.05899995565414429,0.009000003337860107
cifar2_ntrain5000__rep3,APGD,0.22512516379356384,0.9500000476837158,0.4578090012073517,0.9410000443458557,0.05899995565414429,0.009000003337860107
cifar2_ntrain5000__rep3,MIM,0.22512516379356384,0.9500000476837158,0.5291960835456848,0.9380000233650208,0.06199997663497925,0.012000024318695068
cifar2_ntrain5000__rep3,SA,0.22512516379356384,0.9500000476837158,0.48445162177085876,0.9460000395774841,0.05399996042251587,0.0040000081062316895
cifar2_ntrain5000__rep4,FGSM,0.2151436060667038,0.9340000152587891,0.5375022888183594,0.48000001907348633,0.5199999809265137,0.45399999618530273
cifar2_ntrain5000__rep4,PGD,0.2151436060667038,0.9340000152587891,0.49733492732048035,0.48000001907348633,0.5199999809265137,0.45399999618530273
cifar2_ntrain5000__rep4,APGD,0.2151436060667038,0.9340000152587891,0.47497570514678955,0.48000001907348633,0.5199999809265137,0.45399999618530273
cifar2_ntrain5000__rep4,MIM,0.2151436060667038,0.9340000152587891,0.5375276803970337,0.48000001907348633,0.5199999809265137,0.45399999618530273
cifar2_ntrain5000__rep4,SA,0.2151436060667038,0.9340000152587891,0.517969012260437,0.44200003147125244,0.5579999685287476,0.4919999837875366
cifar2_ntrain5000__rep5,FGSM,0.28066566586494446,0.9140000343322754,0.5858038067817688,0.5200000405311584,0.47999995946884155,0.39399999380111694
cifar2_ntrain5000__rep5,PGD,0.28066566586494446,0.9140000343322754,0.5394070148468018,0.5200000405311584,0.47999995946884155,0.39399999380111694
cifar2_ntrain5000__rep5,APGD,0.28066566586494446,0.9140000343322754,0.5120338201522827,0.5200000405311584,0.47999995946884155,0.39399999380111694
cifar2_ntrain5000__rep5,MIM,0.28066566586494446,0.9140000343322754,0.5869832038879395,0.5200000405311584,0.47999995946884155,0.39399999380111694
cifar2_ntrain5000__rep5,SA,0.28066566586494446,0.9140000343322754,0.5564047694206238,0.4660000205039978,0.5339999794960022,0.4480000138282776
cifar2_ntrain10000__rep1,FGSM,0.208626389503479,0.9570000171661377,0.531680703163147,0.95250004529953,0.04749995470046997,0.004499971866607666
cifar2_ntrain10000__rep1,PGD,0.208626389503479,0.9570000171661377,0.4851433336734772,0.9540000557899475,0.04599994421005249,0.0029999613761901855
cifar2_ntrain10000__rep1,APGD,0.208626389503479,0.9570000171661377,0.45899057388305664,0.9545000195503235,0.045499980449676514,0.002499997615814209
cifar2_ntrain10000__rep1,MIM,0.208626389503479,0.9570000171661377,0.5319731831550598,0.95250004529953,0.04749995470046997,0.004499971866607666
cifar2_ntrain10000__rep1,SA,0.208626389503479,0.9570000171661377,0.47185006737709045,0.9550000429153442,0.04499995708465576,0.001999974250793457
cifar2_ntrain10000__rep2,FGSM,0.16944386065006256,0.9575000405311584,0.5118310451507568,0.9535000324249268,0.04649996757507324,0.0040000081062316895
cifar2_ntrain10000__rep2,PGD,0.16944386065006256,0.9575000405311584,0.47019556164741516,0.9540000557899475,0.04599994421005249,0.0034999847412109375
cifar2_ntrain10000__rep2,APGD,0.16944386065006256,0.9575000405311584,0.4478742182254791,0.955500066280365,0.04449993371963501,0.001999974250793457
cifar2_ntrain10000__rep2,MIM,0.16944386065006256,0.9575000405311584,0.5118309855461121,0.9535000324249268,0.04649996757507324,0.0040000081062316895
cifar2_ntrain10000__rep2,SA,0.16944386065006256,0.9575000405311584,0.46751317381858826,0.9470000267028809,0.05299997329711914,0.010500013828277588
cifar2_ntrain10000__rep3,FGSM,0.1801709681749344,0.9545000195503235,0.5551264882087708,0.5,0.5,0.4545000195503235
cifar2_ntrain10000__rep3,PGD,0.1801709681749344,0.9545000195503235,0.5145570039749146,0.5,0.5,0.4545000195503235
cifar2_ntrain10000__rep3,APGD,0.1801709681749344,0.9545000195503235,0.4921278953552246,0.5,0.5,0.4545000195503235
cifar2_ntrain10000__rep3,MIM,0.1801709681749344,0.9545000195503235,0.5556341409683228,0.5,0.5,0.4545000195503235
cifar2_ntrain10000__rep3,SA,0.1801709681749344,0.9545000195503235,0.4963673949241638,0.4845000207424164,0.5154999494552612,0.4699999988079071
cifar2_ntrain10000__rep4,FGSM,0.1650853306055069,0.9640000462532043,0.43940791487693787,0.9530000686645508,0.04699993133544922,0.010999977588653564
cifar2_ntrain10000__rep4,PGD,0.1650853306055069,0.9640000462532043,0.36217501759529114,0.9570000171661377,0.042999982833862305,0.00700002908706665
cifar2_ntrain10000__rep4,APGD,0.1650853306055069,0.9640000462532043,0.3162725269794464,0.9610000252723694,0.038999974727630615,0.003000020980834961
cifar2_ntrain10000__rep4,MIM,0.1650853306055069,0.9640000462532043,0.4397571384906769,0.9530000686645508,0.04699993133544922,0.010999977588653564
cifar2_ntrain10000__rep4,SA,0.1650853306055069,0.9640000462532043,0.3339703381061554,0.9590000510215759,0.04099994897842407,0.004999995231628418
cifar2_ntrain10000__rep5,FGSM,0.21511587500572205,0.9550000429153442,0.5445246696472168,0.5,0.5,0.45500004291534424
cifar2_ntrain10000__rep5,PGD,0.21511587500572205,0.9550000429153442,0.5021273493766785,0.5,0.5,0.45500004291534424
cifar2_ntrain10000__rep5,APGD,0.21511587500572205,0.9550000429153442,0.4780682623386383,0.5,0.5,0.45500004291534424
cifar2_ntrain10000__rep5,MIM,0.21511587500572205,0.9550000429153442,0.5445246696472168,0.5,0.5,0.45500004291534424
cifar2_ntrain10000__rep5,SA,0.21511587500572205,0.9550000429153442,0.5035938620567322,0.4775000214576721,0.5224999785423279,0.4775000214576721
cifar2_ntrain500_1_5_rep1,FGSM,0.5958335399627686,0.75,0.7209511995315552,0.7099999785423279,0.2900000214576721,0.04000002145767212
cifar2_ntrain500_1_5_rep1,PGD,0.5958335399627686,0.75,0.6470392942428589,0.7099999785423279,0.2900000214576721,0.04000002145767212
cifar2_ntrain500_1_5_rep1,APGD,0.5958335399627686,0.75,0.5958335399627686,0.75,0.25,0.0
cifar2_ntrain500_1_5_rep1,MIM,0.5958335399627686,0.75,0.7214371562004089,0.7099999785423279,0.2900000214576721,0.04000002145767212
cifar2_ntrain500_1_5_rep1,SA,0.5958335399627686,0.75,0.7642918229103088,0.7299999594688416,0.27000004053115845,0.020000040531158447
cifar2_ntrain500_1_5_rep2,FGSM,0.5253387093544006,0.7899999618530273,0.7415156960487366,0.4399999976158142,0.5600000023841858,0.34999996423721313
cifar2_ntrain500_1_5_rep2,PGD,0.5253387093544006,0.7899999618530273,0.697416365146637,0.4399999976158142,0.5600000023841858,0.34999996423721313
cifar2_ntrain500_1_5_rep2,APGD,0.5253387093544006,0.7899999618530273,0.6678096055984497,0.4399999976158142,0.5600000023841858,0.34999996423721313
cifar2_ntrain500_1_5_rep2,MIM,0.5253387093544006,0.7899999618530273,0.7441202402114868,0.4399999976158142,0.5600000023841858,0.34999996423721313
cifar2_ntrain500_1_5_rep2,SA,0.5253387093544006,0.7899999618530273,0.8147697448730469,0.3199999928474426,0.6800000071525574,0.4699999690055847
cifar2_ntrain500_1_5_rep3,FGSM,0.6023042798042297,0.7299999594688416,0.7191780209541321,0.5600000023841858,0.4399999976158142,0.16999995708465576
cifar2_ntrain500_1_5_rep3,PGD,0.6023042798042297,0.7299999594688416,0.6544410586357117,0.5600000023841858,0.4399999976158142,0.16999995708465576
cifar2_ntrain500_1_5_rep3,APGD,0.6023042798042297,0.7299999594688416,0.6092713475227356,0.5600000023841858,0.4399999976158142,0.16999995708465576
cifar2_ntrain500_1_5_rep3,MIM,0.6023042798042297,0.7299999594688416,0.721511960029602,0.5600000023841858,0.4399999976158142,0.16999995708465576
cifar2_ntrain500_1_5_rep3,SA,0.6023042798042297,0.7299999594688416,0.7951807975769043,0.4099999964237213,0.5900000333786011,0.31999996304512024
cifar2_ntrain500_1_5_rep4,FGSM,0.5866469740867615,0.7400000095367432,0.7221019864082336,0.5600000023841858,0.4399999976158142,0.18000000715255737
cifar2_ntrain500_1_5_rep4,PGD,0.5866469740867615,0.7400000095367432,0.6575550436973572,0.5600000023841858,0.4399999976158142,0.18000000715255737
cifar2_ntrain500_1_5_rep4,APGD,0.5866469740867615,0.7400000095367432,0.6149197816848755,0.5600000023841858,0.4399999976158142,0.18000000715255737
cifar2_ntrain500_1_5_rep4,MIM,0.5866469740867615,0.7400000095367432,0.7237722873687744,0.5600000023841858,0.4399999976158142,0.18000000715255737
cifar2_ntrain500_1_5_rep4,SA,0.5866469740867615,0.7400000095367432,0.7720348238945007,0.41999998688697815,0.5800000429153442,0.320000022649765
cifar2_ntrain500_1_5_rep5,FGSM,0.703324019908905,0.4399999976158142,0.7334363460540771,0.4399999976158142,0.5600000023841858,0.0
cifar2_ntrain500_1_5_rep5,PGD,0.703324019908905,0.4399999976158142,0.7210543751716614,0.4399999976158142,0.5600000023841858,0.0
cifar2_ntrain500_1_5_rep5,APGD,0.703324019908905,0.4399999976158142,0.7121246457099915,0.4399999976158142,0.5600000023841858,0.0
cifar2_ntrain500_1_5_rep5,MIM,0.703324019908905,0.4399999976158142,0.7334363460540771,0.4399999976158142,0.5600000023841858,0.0
cifar2_ntrain500_1_5_rep5,SA,0.703324019908905,0.4399999976158142,0.703324019908905,0.4399999976158142,0.5600000023841858,0.0
cifar2_ntrain1000_1_5_rep1,FGSM,0.5427340865135193,0.7749999761581421,0.7319000363349915,0.5049999952316284,0.4950000047683716,0.26999998092651367
cifar2_ntrain1000_1_5_rep1,PGD,0.5427340865135193,0.7749999761581421,0.6696620583534241,0.5049999952316284,0.4950000047683716,0.26999998092651367
cifar2_ntrain1000_1_5_rep1,APGD,0.5427340865135193,0.7749999761581421,0.6296327710151672,0.5049999952316284,0.4950000047683716,0.26999998092651367
cifar2_ntrain1000_1_5_rep1,MIM,0.5427340865135193,0.7749999761581421,0.7324240207672119,0.5049999952316284,0.4950000047683716,0.26999998092651367
cifar2_ntrain1000_1_5_rep1,SA,0.5427340865135193,0.7749999761581421,0.7935725450515747,0.375,0.625,0.3999999761581421
cifar2_ntrain1000_1_5_rep2,FGSM,0.6938651204109192,0.5049999952316284,0.7059867978096008,0.5049999952316284,0.4950000047683716,0.0
cifar2_ntrain1000_1_5_rep2,PGD,0.6938651204109192,0.5049999952316284,0.7059867978096008,0.5049999952316284,0.4950000047683716,0.0
cifar2_ntrain1000_1_5_rep2,APGD,0.6938651204109192,0.5049999952316284,0.7059867978096008,0.5049999952316284,0.4950000047683716,0.0
cifar2_ntrain1000_1_5_rep2,MIM,0.6938651204109192,0.5049999952316284,0.7059867978096008,0.5049999952316284,0.4950000047683716,0.0
cifar2_ntrain1000_1_5_rep2,SA,0.6938651204109192,0.5049999952316284,0.6938651204109192,0.5049999952316284,0.4950000047683716,0.0
cifar2_ntrain1000_1_5_rep3,FGSM,0.46490028500556946,0.8050000071525574,0.6764593124389648,0.5049999952316284,0.4950000047683716,0.30000001192092896
cifar2_ntrain1000_1_5_rep3,PGD,0.46490028500556946,0.8050000071525574,0.6224247217178345,0.5049999952316284,0.4950000047683716,0.30000001192092896
cifar2_ntrain1000_1_5_rep3,APGD,0.46490028500556946,0.8050000071525574,0.5870994925498962,0.5049999952316284,0.4950000047683716,0.30000001192092896
cifar2_ntrain1000_1_5_rep3,MIM,0.46490028500556946,0.8050000071525574,0.6774877905845642,0.5049999952316284,0.4950000047683716,0.30000001192092896
cifar2_ntrain1000_1_5_rep3,SA,0.46490028500556946,0.8050000071525574,0.7092174887657166,0.3999999761581421,0.6000000238418579,0.4050000309944153
cifar2_ntrain1000_1_5_rep4,FGSM,0.4248991310596466,0.8299999833106995,0.6670590043067932,0.7999999523162842,0.20000004768371582,0.030000030994415283
cifar2_ntrain1000_1_5_rep4,PGD,0.4248991310596466,0.8299999833106995,0.5945019125938416,0.8050000071525574,0.19499999284744263,0.02499997615814209
cifar2_ntrain1000_1_5_rep4,APGD,0.4248991310596466,0.8299999833106995,0.5456981062889099,0.824999988079071,0.17500001192092896,0.004999995231628418
cifar2_ntrain1000_1_5_rep4,MIM,0.4248991310596466,0.8299999833106995,0.6766859889030457,0.7999999523162842,0.20000004768371582,0.030000030994415283
cifar2_ntrain1000_1_5_rep4,SA,0.4248991310596466,0.8299999833106995,0.6369400024414062,0.824999988079071,0.17500001192092896,0.004999995231628418
cifar2_ntrain1000_1_5_rep5,FGSM,0.49327367544174194,0.7949999570846558,0.7349810004234314,0.75,0.25,0.04499995708465576
cifar2_ntrain1000_1_5_rep5,PGD,0.49327367544174194,0.7949999570846558,0.6593984961509705,0.7649999856948853,0.23500001430511475,0.029999971389770508
cifar2_ntrain1000_1_5_rep5,APGD,0.49327367544174194,0.7949999570846558,0.6079010367393494,0.7949999570846558,0.20500004291534424,0.0
cifar2_ntrain1000_1_5_rep5,MIM,0.49327367544174194,0.7949999570846558,0.7398936152458191,0.75,0.25,0.04499995708465576
cifar2_ntrain1000_1_5_rep5,SA,0.49327367544174194,0.7949999570846558,0.6833164095878601,0.7699999809265137,0.23000001907348633,0.02499997615814209
cifar2_ntrain2000_1_5_rep1,FGSM,0.6939105987548828,0.4724999964237213,0.7049168348312378,0.4724999964237213,0.5275000333786011,0.0
cifar2_ntrain2000_1_5_rep1,PGD,0.6939105987548828,0.4724999964237213,0.7050427198410034,0.4724999964237213,0.5275000333786011,0.0
cifar2_ntrain2000_1_5_rep1,APGD,0.6939105987548828,0.4724999964237213,0.7005200982093811,0.4724999964237213,0.5275000333786011,0.0
cifar2_ntrain2000_1_5_rep1,MIM,0.6939105987548828,0.4724999964237213,0.7110710144042969,0.4724999964237213,0.5275000333786011,0.0
cifar2_ntrain2000_1_5_rep1,SA,0.6939105987548828,0.4724999964237213,0.6939105987548828,0.4724999964237213,0.5275000333786011,0.0
cifar2_ntrain2000_1_5_rep2,FGSM,0.3514944314956665,0.8725000023841858,0.5668193101882935,0.8499999642372131,0.15000003576278687,0.022500038146972656
cifar2_ntrain2000_1_5_rep2,PGD,0.3514944314956665,0.8725000023841858,0.4805542528629303,0.8574999570846558,0.14250004291534424,0.01500004529953003
cifar2_ntrain2000_1_5_rep2,APGD,0.3514944314956665,0.8725000023841858,0.4255795478820801,0.8650000095367432,0.13499999046325684,0.007499992847442627
cifar2_ntrain2000_1_5_rep2,MIM,0.3514944314956665,0.8725000023841858,0.5682120323181152,0.8499999642372131,0.15000003576278687,0.022500038146972656
cifar2_ntrain2000_1_5_rep2,SA,0.3514944314956665,0.8725000023841858,0.5068656206130981,0.85999995470047,0.14000004529953003,0.01250004768371582
cifar2_ntrain2000_1_5_rep3,FGSM,0.32881662249565125,0.8849999904632568,0.6000935435295105,0.5274999737739563,0.4725000262260437,0.35750001668930054
cifar2_ntrain2000_1_5_rep3,PGD,0.32881662249565125,0.8849999904632568,0.5504098534584045,0.5274999737739563,0.4725000262260437,0.35750001668930054
cifar2_ntrain2000_1_5_rep3,APGD,0.32881662249565125,0.8849999904632568,0.5198729038238525,0.5274999737739563,0.4725000262260437,0.35750001668930054
cifar2_ntrain2000_1_5_rep3,MIM,0.32881662249565125,0.8849999904632568,0.6000935435295105,0.5274999737739563,0.4725000262260437,0.35750001668930054
cifar2_ntrain2000_1_5_rep3,SA,0.32881662249565125,0.8849999904632568,0.5801316499710083,0.4650000035762787,0.5349999666213989,0.41999998688697815
cifar2_ntrain2000_1_5_rep4,FGSM,0.35760799050331116,0.8725000023841858,0.6283837556838989,0.5274999737739563,0.4725000262260437,0.3450000286102295
cifar2_ntrain2000_1_5_rep4,PGD,0.35760799050331116,0.8725000023841858,0.570537805557251,0.5274999737739563,0.4725000262260437,0.3450000286102295
cifar2_ntrain2000_1_5_rep4,APGD,0.35760799050331116,0.8725000023841858,0.5342849493026733,0.5274999737739563,0.4725000262260437,0.3450000286102295
cifar2_ntrain2000_1_5_rep4,MIM,0.35760799050331116,0.8725000023841858,0.6306310296058655,0.5274999737739563,0.4725000262260437,0.3450000286102295
cifar2_ntrain2000_1_5_rep4,SA,0.35760799050331116,0.8725000023841858,0.5890001654624939,0.4699999988079071,0.5299999713897705,0.4025000035762787
cifar2_ntrain2000_1_5_rep5,FGSM,0.37351444363594055,0.8499999642372131,0.6565420627593994,0.7749999761581421,0.2250000238418579,0.07499998807907104
cifar2_ntrain2000_1_5_rep5,PGD,0.37351444363594055,0.8499999642372131,0.5994947552680969,0.4449999928474426,0.5550000071525574,0.4049999713897705
cifar2_ntrain2000_1_5_rep5,APGD,0.37351444363594055,0.8499999642372131,0.5635060667991638,0.4724999964237213,0.5275000333786011,0.3774999678134918
cifar2_ntrain2000_1_5_rep5,MIM,0.37351444363594055,0.8499999642372131,0.6577581167221069,0.4124999940395355,0.5874999761581421,0.4374999701976776
cifar2_ntrain2000_1_5_rep5,SA,0.37351444363594055,0.8499999642372131,0.6213639378547668,0.4375,0.5625,0.41249996423721313
cifar2_ntrain5000_1_5_rep1,FGSM,0.29637807607650757,0.9040000438690186,0.5144272446632385,0.8720000386238098,0.12799996137619019,0.03200000524520874
cifar2_ntrain5000_1_5_rep1,PGD,0.29637807607650757,0.9040000438690186,0.4279737174510956,0.8870000243186951,0.11299997568130493,0.017000019550323486
cifar2_ntrain5000_1_5_rep1,APGD,0.29637807607650757,0.9040000438690186,0.37567538022994995,0.893000066280365,0.10699993371963501,0.010999977588653564
cifar2_ntrain5000_1_5_rep1,MIM,0.29637807607650757,0.9040000438690186,0.5144271850585938,0.8720000386238098,0.12799996137619019,0.03200000524520874
cifar2_ntrain5000_1_5_rep1,SA,0.29637807607650757,0.9040000438690186,0.45469462871551514,0.8870000243186951,0.11299997568130493,0.017000019550323486
cifar2_ntrain5000_1_5_rep2,FGSM,0.2837331295013428,0.9050000309944153,0.573202908039093,0.8890000581741333,0.1109999418258667,0.015999972820281982
cifar2_ntrain5000_1_5_rep2,PGD,0.2837331295013428,0.9050000309944153,0.5268454551696777,0.8940000534057617,0.10599994659423828,0.010999977588653564
cifar2_ntrain5000_1_5_rep2,APGD,0.2837331295013428,0.9050000309944153,0.4998287558555603,0.8960000276565552,0.10399997234344482,0.009000003337860107
cifar2_ntrain5000_1_5_rep2,MIM,0.2837331295013428,0.9050000309944153,0.5734648108482361,0.8890000581741333,0.1109999418258667,0.015999972820281982
cifar2_ntrain5000_1_5_rep2,SA,0.2837331295013428,0.9050000309944153,0.5641639828681946,0.8980000615119934,0.10199993848800659,0.006999969482421875
cifar2_ntrain5000_1_5_rep3,FGSM,0.3094111979007721,0.8980000615119934,0.6041309833526611,0.8700000643730164,0.12999993562698364,0.02799999713897705
cifar2_ntrain5000_1_5_rep3,PGD,0.3094111979007721,0.8980000615119934,0.5495911240577698,0.8810000419616699,0.11899995803833008,0.017000019550323486
cifar2_ntrain5000_1_5_rep3,APGD,0.3094111979007721,0.8980000615119934,0.5159767866134644,0.8850000500679016,0.11499994993209839,0.013000011444091797
cifar2_ntrain5000_1_5_rep3,MIM,0.3094111979007721,0.8980000615119934,0.6041309833526611,0.8700000643730164,0.12999993562698364,0.02799999713897705
cifar2_ntrain5000_1_5_rep3,SA,0.3094111979007721,0.8980000615119934,0.5550050139427185,0.89000004529953,0.10999995470046997,0.008000016212463379
cifar2_ntrain5000_1_5_rep4,FGSM,0.3027927875518799,0.8980000615119934,0.5941964387893677,0.5080000162124634,0.4919999837875366,0.39000004529953003
cifar2_ntrain5000_1_5_rep4,PGD,0.3027927875518799,0.8980000615119934,0.5458448529243469,0.5080000162124634,0.4919999837875366,0.39000004529953003
cifar2_ntrain5000_1_5_rep4,APGD,0.3027927875518799,0.8980000615119934,0.516208291053772,0.5080000162124634,0.4919999837875366,0.39000004529953003
cifar2_ntrain5000_1_5_rep4,MIM,0.3027927875518799,0.8980000615119934,0.594936192035675,0.5080000162124634,0.4919999837875366,0.39000004529953003
cifar2_ntrain5000_1_5_rep4,SA,0.3027927875518799,0.8980000615119934,0.5654791593551636,0.4540000259876251,0.5460000038146973,0.4440000355243683
cifar2_ntrain5000_1_5_rep5,FGSM,0.3287377655506134,0.8840000629425049,0.6102955341339111,0.8660000562667847,0.13399994373321533,0.018000006675720215
cifar2_ntrain5000_1_5_rep5,PGD,0.3287377655506134,0.8840000629425049,0.5582829117774963,0.8730000257492065,0.12699997425079346,0.01100003719329834
cifar2_ntrain5000_1_5_rep5,APGD,0.3287377655506134,0.8840000629425049,0.5266947150230408,0.8750000596046448,0.12499994039535522,0.009000003337860107
cifar2_ntrain5000_1_5_rep5,MIM,0.3287377655506134,0.8840000629425049,0.6102955341339111,0.8660000562667847,0.13399994373321533,0.018000006675720215
cifar2_ntrain5000_1_5_rep5,SA,0.3287377655506134,0.8840000629425049,0.5827819108963013,0.8760000467300415,0.1239999532699585,0.008000016212463379
cifar2_ntrain10000_1_5_rep1,FGSM,0.3027498722076416,0.9005000591278076,0.5795959830284119,0.5,0.5,0.4005000591278076
cifar2_ntrain10000_1_5_rep1,PGD,0.3027498722076416,0.9005000591278076,0.5334758162498474,0.5,0.5,0.4005000591278076
cifar2_ntrain10000_1_5_rep1,APGD,0.3027498722076416,0.9005000591278076,0.5064588785171509,0.5,0.5,0.4005000591278076
cifar2_ntrain10000_1_5_rep1,MIM,0.3027498722076416,0.9005000591278076,0.579816460609436,0.5,0.5,0.4005000591278076
cifar2_ntrain10000_1_5_rep1,SA,0.3027498722076416,0.9005000591278076,0.5666300654411316,0.43950003385543823,0.5604999661445618,0.4610000252723694
cifar2_ntrain10000_1_5_rep2,FGSM,0.272453635931015,0.9105000495910645,0.5356799364089966,0.8955000638961792,0.1044999361038208,0.014999985694885254
cifar2_ntrain10000_1_5_rep2,PGD,0.272453635931015,0.9105000495910645,0.46032169461250305,0.9020000696182251,0.0979999303817749,0.008499979972839355
cifar2_ntrain10000_1_5_rep2,APGD,0.272453635931015,0.9105000495910645,0.4135492146015167,0.906000018119812,0.09399998188018799,0.004500031471252441
cifar2_ntrain10000_1_5_rep2,MIM,0.272453635931015,0.9105000495910645,0.5356799364089966,0.8955000638961792,0.1044999361038208,0.014999985694885254
cifar2_ntrain10000_1_5_rep2,SA,0.272453635931015,0.9105000495910645,0.4569621682167053,0.9050000309944153,0.09499996900558472,0.00550001859664917
cifar2_ntrain10000_1_5_rep3,FGSM,0.2778264284133911,0.9175000190734863,0.566590428352356,0.5,0.5,0.41750001907348633
cifar2_ntrain10000_1_5_rep3,PGD,0.2778264284133911,0.9175000190734863,0.5221915245056152,0.5,0.5,0.41750001907348633
cifar2_ntrain10000_1_5_rep3,APGD,0.2778264284133911,0.9175000190734863,0.4963047504425049,0.5,0.5,0.41750001907348633
cifar2_ntrain10000_1_5_rep3,MIM,0.2778264284133911,0.9175000190734863,0.5666288137435913,0.5,0.5,0.41750001907348633
cifar2_ntrain10000_1_5_rep3,SA,0.2778264284133911,0.9175000190734863,0.5454158186912537,0.4475000202655792,0.5525000095367432,0.4699999988079071
cifar2_ntrain10000_1_5_rep4,FGSM,0.28308042883872986,0.9050000309944153,0.5130105018615723,0.8845000267028809,0.11549997329711914,0.020500004291534424
cifar2_ntrain10000_1_5_rep4,PGD,0.28308042883872986,0.9050000309944153,0.426262766122818,0.8925000429153442,0.10749995708465576,0.012499988079071045
cifar2_ntrain10000_1_5_rep4,APGD,0.28308042883872986,0.9050000309944153,0.37290918827056885,0.8990000486373901,0.10099995136260986,0.0059999823570251465
cifar2_ntrain10000_1_5_rep4,MIM,0.28308042883872986,0.9050000309944153,0.513455331325531,0.8845000267028809,0.11549997329711914,0.020500004291534424
cifar2_ntrain10000_1_5_rep4,SA,0.28308042883872986,0.9050000309944153,0.4327373206615448,0.8970000147819519,0.1029999852180481,0.008000016212463379
cifar2_ntrain10000_1_5_rep5,FGSM,0.292689710855484,0.9075000286102295,0.5877878665924072,0.8925000429153442,0.10749995708465576,0.014999985694885254
cifar2_ntrain10000_1_5_rep5,PGD,0.292689710855484,0.9075000286102295,0.5363579392433167,0.8950000405311584,0.10499995946884155,0.012499988079071045
cifar2_ntrain10000_1_5_rep5,APGD,0.292689710855484,0.9075000286102295,0.5059086680412292,0.8970000147819519,0.1029999852180481,0.010500013828277588
cifar2_ntrain10000_1_5_rep5,MIM,0.292689710855484,0.9075000286102295,0.5877900123596191,0.8925000429153442,0.10749995708465576,0.014999985694885254
cifar2_ntrain10000_1_5_rep5,SA,0.292689710855484,0.9075000286102295,0.5434629321098328,0.9015000462532043,0.09849995374679565,0.0059999823570251465
mnist_ntrain500__rep1,FGSM,0.10600079596042633,0.9899999499320984,0.5000851154327393,0.7599999904632568,0.24000000953674316,0.22999995946884155
mnist_ntrain500__rep1,PGD,0.10600079596042633,0.9899999499320984,0.48174795508384705,0.7799999713897705,0.2200000286102295,0.20999997854232788
mnist_ntrain500__rep1,APGD,0.10600079596042633,0.9899999499320984,0.4705702066421509,0.7799999713897705,0.2200000286102295,0.20999997854232788
mnist_ntrain500__rep1,MIM,0.10600079596042633,0.9899999499320984,0.5001252293586731,0.7599999904632568,0.24000000953674316,0.22999995946884155
mnist_ntrain500__rep1,SA,0.10600079596042633,0.9899999499320984,0.481777548789978,0.7699999809265137,0.23000001907348633,0.21999996900558472
mnist_ntrain500__rep2,FGSM,0.10600079596042633,0.9899999499320984,0.5000851154327393,0.7599999904632568,0.24000000953674316,0.22999995946884155
mnist_ntrain500__rep2,PGD,0.10600079596042633,0.9899999499320984,0.48174795508384705,0.7799999713897705,0.2200000286102295,0.20999997854232788
mnist_ntrain500__rep2,APGD,0.10600079596042633,0.9899999499320984,0.4705702066421509,0.7799999713897705,0.2200000286102295,0.20999997854232788
mnist_ntrain500__rep2,MIM,0.10600079596042633,0.9899999499320984,0.5001252293586731,0.7599999904632568,0.24000000953674316,0.22999995946884155
mnist_ntrain500__rep2,SA,0.10600079596042633,0.9899999499320984,0.481777548789978,0.7699999809265137,0.23000001907348633,0.21999996900558472
mnist_ntrain500__rep3,FGSM,0.10600079596042633,0.9899999499320984,0.5000851154327393,0.7599999904632568,0.24000000953674316,0.22999995946884155
mnist_ntrain500__rep3,PGD,0.10600079596042633,0.9899999499320984,0.48174795508384705,0.7799999713897705,0.2200000286102295,0.20999997854232788
mnist_ntrain500__rep3,APGD,0.10600079596042633,0.9899999499320984,0.4705702066421509,0.7799999713897705,0.2200000286102295,0.20999997854232788
mnist_ntrain500__rep3,MIM,0.10600079596042633,0.9899999499320984,0.5001252293586731,0.7599999904632568,0.24000000953674316,0.22999995946884155
mnist_ntrain500__rep3,SA,0.10600079596042633,0.9899999499320984,0.481777548789978,0.7699999809265137,0.23000001907348633,0.21999996900558472
mnist_ntrain500__rep4,FGSM,0.10600079596042633,0.9899999499320984,0.5000851154327393,0.7599999904632568,0.24000000953674316,0.22999995946884155
mnist_ntrain500__rep4,PGD,0.10600079596042633,0.9899999499320984,0.48174795508384705,0.7799999713897705,0.2200000286102295,0.20999997854232788
mnist_ntrain500__rep4,APGD,0.10600079596042633,0.9899999499320984,0.4705702066421509,0.7799999713897705,0.2200000286102295,0.20999997854232788
mnist_ntrain500__rep4,MIM,0.10600079596042633,0.9899999499320984,0.5001252293586731,0.7599999904632568,0.24000000953674316,0.22999995946884155
mnist_ntrain500__rep4,SA,0.10600079596042633,0.9899999499320984,0.481777548789978,0.7699999809265137,0.23000001907348633,0.21999996900558472
mnist_ntrain500__rep5,FGSM,0.10600079596042633,0.9899999499320984,0.5000851154327393,0.7599999904632568,0.24000000953674316,0.22999995946884155
mnist_ntrain500__rep5,PGD,0.10600079596042633,0.9899999499320984,0.48174795508384705,0.7799999713897705,0.2200000286102295,0.20999997854232788
mnist_ntrain500__rep5,APGD,0.10600079596042633,0.9899999499320984,0.4705702066421509,0.7799999713897705,0.2200000286102295,0.20999997854232788
mnist_ntrain500__rep5,MIM,0.10600079596042633,0.9899999499320984,0.5001252293586731,0.7599999904632568,0.24000000953674316,0.22999995946884155
mnist_ntrain500__rep5,SA,0.10600079596042633,0.9899999499320984,0.481777548789978,0.7699999809265137,0.23000001907348633,0.21999996900558472
mnist_ntrain1000__rep1,FGSM,0.12794654071331024,0.9799999594688416,0.5090676546096802,0.7049999833106995,0.29500001668930054,0.2749999761581421
mnist_ntrain1000__rep1,PGD,0.12794654071331024,0.9799999594688416,0.4950598180294037,0.7249999642372131,0.27500003576278687,0.2549999952316284
mnist_ntrain1000__rep1,APGD,0.12794654071331024,0.9799999594688416,0.48617562651634216,0.7249999642372131,0.27500003576278687,0.2549999952316284
mnist_ntrain1000__rep1,MIM,0.12794654071331024,0.9799999594688416,0.5091569423675537,0.7049999833106995,0.29500001668930054,0.2749999761581421
mnist_ntrain1000__rep1,SA,0.12794654071331024,0.9799999594688416,0.4888162612915039,0.7199999690055847,0.2800000309944153,0.25999999046325684
mnist_ntrain1000__rep2,FGSM,0.12794654071331024,0.9799999594688416,0.5090676546096802,0.7049999833106995,0.29500001668930054,0.2749999761581421
mnist_ntrain1000__rep2,PGD,0.12794654071331024,0.9799999594688416,0.4950598180294037,0.7249999642372131,0.27500003576278687,0.2549999952316284
mnist_ntrain1000__rep2,APGD,0.12794654071331024,0.9799999594688416,0.48617562651634216,0.7249999642372131,0.27500003576278687,0.2549999952316284
mnist_ntrain1000__rep2,MIM,0.12794654071331024,0.9799999594688416,0.5091569423675537,0.7049999833106995,0.29500001668930054,0.2749999761581421
mnist_ntrain1000__rep2,SA,0.12794654071331024,0.9799999594688416,0.4888162612915039,0.7199999690055847,0.2800000309944153,0.25999999046325684
mnist_ntrain1000__rep3,FGSM,0.12794654071331024,0.9799999594688416,0.5090676546096802,0.7049999833106995,0.29500001668930054,0.2749999761581421
mnist_ntrain1000__rep3,PGD,0.12794654071331024,0.9799999594688416,0.4950598180294037,0.7249999642372131,0.27500003576278687,0.2549999952316284
mnist_ntrain1000__rep3,APGD,0.12794654071331024,0.9799999594688416,0.48617562651634216,0.7249999642372131,0.27500003576278687,0.2549999952316284
mnist_ntrain1000__rep3,MIM,0.12794654071331024,0.9799999594688416,0.5091569423675537,0.7049999833106995,0.29500001668930054,0.2749999761581421
mnist_ntrain1000__rep3,SA,0.12794654071331024,0.9799999594688416,0.4888162612915039,0.7199999690055847,0.2800000309944153,0.25999999046325684
mnist_ntrain1000__rep4,FGSM,0.12794654071331024,0.9799999594688416,0.5090676546096802,0.7049999833106995,0.29500001668930054,0.2749999761581421
mnist_ntrain1000__rep4,PGD,0.12794654071331024,0.9799999594688416,0.4950598180294037,0.7249999642372131,0.27500003576278687,0.2549999952316284
mnist_ntrain1000__rep4,APGD,0.12794654071331024,0.9799999594688416,0.48617562651634216,0.7249999642372131,0.27500003576278687,0.2549999952316284
mnist_ntrain1000__rep4,MIM,0.12794654071331024,0.9799999594688416,0.5091569423675537,0.7049999833106995,0.29500001668930054,0.2749999761581421
mnist_ntrain1000__rep4,SA,0.12794654071331024,0.9799999594688416,0.4888162612915039,0.7199999690055847,0.2800000309944153,0.25999999046325684
mnist_ntrain1000__rep5,FGSM,0.12794654071331024,0.9799999594688416,0.5090676546096802,0.7049999833106995,0.29500001668930054,0.2749999761581421
mnist_ntrain1000__rep5,PGD,0.12794654071331024,0.9799999594688416,0.4950598180294037,0.7249999642372131,0.27500003576278687,0.2549999952316284
mnist_ntrain1000__rep5,APGD,0.12794654071331024,0.9799999594688416,0.48617562651634216,0.7249999642372131,0.27500003576278687,0.2549999952316284
mnist_ntrain1000__rep5,MIM,0.12794654071331024,0.9799999594688416,0.5091569423675537,0.7049999833106995,0.29500001668930054,0.2749999761581421
mnist_ntrain1000__rep5,SA,0.12794654071331024,0.9799999594688416,0.4888162612915039,0.7199999690055847,0.2800000309944153,0.25999999046325684
mnist_ntrain2000__rep1,FGSM,0.12595482170581818,0.9624999761581421,0.5705817341804504,0.6850000023841858,0.3149999976158142,0.2774999737739563
mnist_ntrain2000__rep1,PGD,0.12595482170581818,0.9624999761581421,0.5588520169258118,0.6850000023841858,0.3149999976158142,0.2774999737739563
mnist_ntrain2000__rep1,APGD,0.12595482170581818,0.9624999761581421,0.5506358742713928,0.6949999928474426,0.3050000071525574,0.26749998331069946
mnist_ntrain2000__rep1,MIM,0.12595482170581818,0.9624999761581421,0.571334183216095,0.6850000023841858,0.3149999976158142,0.2774999737739563
mnist_ntrain2000__rep1,SA,0.12595482170581818,0.9624999761581421,0.5487016439437866,0.6800000071525574,0.3199999928474426,0.2824999690055847
mnist_ntrain2000__rep2,FGSM,0.12595482170581818,0.9624999761581421,0.5705817341804504,0.6850000023841858,0.3149999976158142,0.2774999737739563
mnist_ntrain2000__rep2,PGD,0.12595482170581818,0.9624999761581421,0.5588520169258118,0.6850000023841858,0.3149999976158142,0.2774999737739563
mnist_ntrain2000__rep2,APGD,0.12595482170581818,0.9624999761581421,0.5506358742713928,0.6949999928474426,0.3050000071525574,0.26749998331069946
mnist_ntrain2000__rep2,MIM,0.12595482170581818,0.9624999761581421,0.571334183216095,0.6850000023841858,0.3149999976158142,0.2774999737739563
mnist_ntrain2000__rep2,SA,0.12595482170581818,0.9624999761581421,0.5487016439437866,0.6800000071525574,0.3199999928474426,0.2824999690055847
mnist_ntrain2000__rep3,FGSM,0.12595482170581818,0.9624999761581421,0.5705817341804504,0.6850000023841858,0.3149999976158142,0.2774999737739563
mnist_ntrain2000__rep3,PGD,0.12595482170581818,0.9624999761581421,0.5588520169258118,0.6850000023841858,0.3149999976158142,0.2774999737739563
mnist_ntrain2000__rep3,APGD,0.12595482170581818,0.9624999761581421,0.5506358742713928,0.6949999928474426,0.3050000071525574,0.26749998331069946
mnist_ntrain2000__rep3,MIM,0.12595482170581818,0.9624999761581421,0.571334183216095,0.6850000023841858,0.3149999976158142,0.2774999737739563
mnist_ntrain2000__rep3,SA,0.12595482170581818,0.9624999761581421,0.5487016439437866,0.6800000071525574,0.3199999928474426,0.2824999690055847
mnist_ntrain2000__rep4,FGSM,0.12595482170581818,0.9624999761581421,0.5705817341804504,0.6850000023841858,0.3149999976158142,0.2774999737739563
mnist_ntrain2000__rep4,PGD,0.12595482170581818,0.9624999761581421,0.5588520169258118,0.6850000023841858,0.3149999976158142,0.2774999737739563
mnist_ntrain2000__rep4,APGD,0.12595482170581818,0.9624999761581421,0.5506358742713928,0.6949999928474426,0.3050000071525574,0.26749998331069946
mnist_ntrain2000__rep4,MIM,0.12595482170581818,0.9624999761581421,0.571334183216095,0.6850000023841858,0.3149999976158142,0.2774999737739563
mnist_ntrain2000__rep4,SA,0.12595482170581818,0.9624999761581421,0.5487016439437866,0.6800000071525574,0.3199999928474426,0.2824999690055847
mnist_ntrain2000__rep5,FGSM,0.12595482170581818,0.9624999761581421,0.5705817341804504,0.6850000023841858,0.3149999976158142,0.2774999737739563
mnist_ntrain2000__rep5,PGD,0.12595482170581818,0.9624999761581421,0.5588520169258118,0.6850000023841858,0.3149999976158142,0.2774999737739563
mnist_ntrain2000__rep5,APGD,0.12595482170581818,0.9624999761581421,0.5506358742713928,0.6949999928474426,0.3050000071525574,0.26749998331069946
mnist_ntrain2000__rep5,MIM,0.12595482170581818,0.9624999761581421,0.571334183216095,0.6850000023841858,0.3149999976158142,0.2774999737739563
mnist_ntrain2000__rep5,SA,0.12595482170581818,0.9624999761581421,0.5487016439437866,0.6800000071525574,0.3199999928474426,0.2824999690055847
mnist_ntrain5000__rep1,FGSM,0.17543888092041016,0.9470000267028809,0.5545415282249451,0.7220000624656677,0.2779999375343323,0.22499996423721313
mnist_ntrain5000__rep1,PGD,0.17543888092041016,0.9470000267028809,0.5407893061637878,0.7260000109672546,0.27399998903274536,0.22100001573562622
mnist_ntrain5000__rep1,APGD,0.17543888092041016,0.9470000267028809,0.5313745141029358,0.7330000400543213,0.2669999599456787,0.21399998664855957
mnist_ntrain5000__rep1,MIM,0.17543888092041016,0.9470000267028809,0.5554497241973877,0.7210000157356262,0.2789999842643738,0.22600001096725464
mnist_ntrain5000__rep1,SA,0.17543888092041016,0.9470000267028809,0.5617073178291321,0.7100000381469727,0.28999996185302734,0.2369999885559082
mnist_ntrain5000__rep2,FGSM,0.17543888092041016,0.9470000267028809,0.5545415282249451,0.7220000624656677,0.2779999375343323,0.22499996423721313
mnist_ntrain5000__rep2,PGD,0.17543888092041016,0.9470000267028809,0.5407893061637878,0.7260000109672546,0.27399998903274536,0.22100001573562622
mnist_ntrain5000__rep2,APGD,0.17543888092041016,0.9470000267028809,0.5313745141029358,0.7330000400543213,0.2669999599456787,0.21399998664855957
mnist_ntrain5000__rep2,MIM,0.17543888092041016,0.9470000267028809,0.5554497241973877,0.7210000157356262,0.2789999842643738,0.22600001096725464
mnist_ntrain5000__rep2,SA,0.17543888092041016,0.9470000267028809,0.5617073178291321,0.7100000381469727,0.28999996185302734,0.2369999885559082
mnist_ntrain5000__rep3,FGSM,0.17543888092041016,0.9470000267028809,0.5545415282249451,0.7220000624656677,0.2779999375343323,0.22499996423721313
mnist_ntrain5000__rep3,PGD,0.17543888092041016,0.9470000267028809,0.5407893061637878,0.7260000109672546,0.27399998903274536,0.22100001573562622
mnist_ntrain5000__rep3,APGD,0.17543888092041016,0.9470000267028809,0.5313745141029358,0.7330000400543213,0.2669999599456787,0.21399998664855957
mnist_ntrain5000__rep3,MIM,0.17543888092041016,0.9470000267028809,0.5554497241973877,0.7210000157356262,0.2789999842643738,0.22600001096725464
mnist_ntrain5000__rep3,SA,0.17543888092041016,0.9470000267028809,0.5617073178291321,0.7100000381469727,0.28999996185302734,0.2369999885559082
mnist_ntrain5000__rep4,FGSM,0.17543888092041016,0.9470000267028809,0.5545415282249451,0.7220000624656677,0.2779999375343323,0.22499996423721313
mnist_ntrain5000__rep4,PGD,0.17543888092041016,0.9470000267028809,0.5407893061637878,0.7260000109672546,0.27399998903274536,0.22100001573562622
mnist_ntrain5000__rep4,APGD,0.17543888092041016,0.9470000267028809,0.5313745141029358,0.7330000400543213,0.2669999599456787,0.21399998664855957
mnist_ntrain5000__rep4,MIM,0.17543888092041016,0.9470000267028809,0.5554497241973877,0.7210000157356262,0.2789999842643738,0.22600001096725464
mnist_ntrain5000__rep4,SA,0.17543888092041016,0.9470000267028809,0.5617073178291321,0.7100000381469727,0.28999996185302734,0.2369999885559082
mnist_ntrain5000__rep5,FGSM,0.17543888092041016,0.9470000267028809,0.5545415282249451,0.7220000624656677,0.2779999375343323,0.22499996423721313
mnist_ntrain5000__rep5,PGD,0.17543888092041016,0.9470000267028809,0.5407893061637878,0.7260000109672546,0.27399998903274536,0.22100001573562622
mnist_ntrain5000__rep5,APGD,0.17543888092041016,0.9470000267028809,0.5313745141029358,0.7330000400543213,0.2669999599456787,0.21399998664855957
mnist_ntrain5000__rep5,MIM,0.17543888092041016,0.9470000267028809,0.5554497241973877,0.7210000157356262,0.2789999842643738,0.22600001096725464
mnist_ntrain5000__rep5,SA,0.17543888092041016,0.9470000267028809,0.5617073178291321,0.7100000381469727,0.28999996185302734,0.2369999885559082
mnist_ntrain10000__rep1,FGSM,0.17199881374835968,0.9505000710487366,0.4917661249637604,0.7590000629425049,0.24099993705749512,0.1915000081062317
mnist_ntrain10000__rep1,PGD,0.17199881374835968,0.9505000710487366,0.475850909948349,0.7615000605583191,0.2384999394416809,0.18900001049041748
mnist_ntrain10000__rep1,APGD,0.17199881374835968,0.9505000710487366,0.46597418189048767,0.7670000195503235,0.2329999804496765,0.18350005149841309
mnist_ntrain10000__rep1,MIM,0.17199881374835968,0.9505000710487366,0.49239182472229004,0.7590000629425049,0.24099993705749512,0.1915000081062317
mnist_ntrain10000__rep1,SA,0.17199881374835968,0.9505000710487366,0.5051704049110413,0.7440000176429749,0.25599998235702515,0.20650005340576172
mnist_ntrain10000__rep2,FGSM,0.17199881374835968,0.9505000710487366,0.4917661249637604,0.7590000629425049,0.24099993705749512,0.1915000081062317
mnist_ntrain10000__rep2,PGD,0.17199881374835968,0.9505000710487366,0.475850909948349,0.7615000605583191,0.2384999394416809,0.18900001049041748
mnist_ntrain10000__rep2,APGD,0.17199881374835968,0.9505000710487366,0.46597418189048767,0.7670000195503235,0.2329999804496765,0.18350005149841309
mnist_ntrain10000__rep2,MIM,0.17199881374835968,0.9505000710487366,0.49239182472229004,0.7590000629425049,0.24099993705749512,0.1915000081062317
mnist_ntrain10000__rep2,SA,0.17199881374835968,0.9505000710487366,0.5051704049110413,0.7440000176429749,0.25599998235702515,0.20650005340576172
mnist_ntrain10000__rep3,FGSM,0.17199881374835968,0.9505000710487366,0.4917661249637604,0.7590000629425049,0.24099993705749512,0.1915000081062317
mnist_ntrain10000__rep3,PGD,0.17199881374835968,0.9505000710487366,0.475850909948349,0.7615000605583191,0.2384999394416809,0.18900001049041748
mnist_ntrain10000__rep3,APGD,0.17199881374835968,0.9505000710487366,0.46597418189048767,0.7670000195503235,0.2329999804496765,0.18350005149841309
mnist_ntrain10000__rep3,MIM,0.17199881374835968,0.9505000710487366,0.49239182472229004,0.7590000629425049,0.24099993705749512,0.1915000081062317
mnist_ntrain10000__rep3,SA,0.17199881374835968,0.9505000710487366,0.5051704049110413,0.7440000176429749,0.25599998235702515,0.20650005340576172
mnist_ntrain10000__rep4,FGSM,0.17199881374835968,0.9505000710487366,0.4917661249637604,0.7590000629425049,0.24099993705749512,0.1915000081062317
mnist_ntrain10000__rep4,PGD,0.17199881374835968,0.9505000710487366,0.475850909948349,0.7615000605583191,0.2384999394416809,0.18900001049041748
mnist_ntrain10000__rep4,APGD,0.17199881374835968,0.9505000710487366,0.46597418189048767,0.7670000195503235,0.2329999804496765,0.18350005149841309
mnist_ntrain10000__rep4,MIM,0.17199881374835968,0.9505000710487366,0.49239182472229004,0.7590000629425049,0.24099993705749512,0.1915000081062317
mnist_ntrain10000__rep4,SA,0.17199881374835968,0.9505000710487366,0.5051704049110413,0.7440000176429749,0.25599998235702515,0.20650005340576172
mnist_ntrain10000__rep5,FGSM,0.17199881374835968,0.9505000710487366,0.4917661249637604,0.7590000629425049,0.24099993705749512,0.1915000081062317
mnist_ntrain10000__rep5,PGD,0.17199881374835968,0.9505000710487366,0.475850909948349,0.7615000605583191,0.2384999394416809,0.18900001049041748
mnist_ntrain10000__rep5,APGD,0.17199881374835968,0.9505000710487366,0.46597418189048767,0.7670000195503235,0.2329999804496765,0.18350005149841309
mnist_ntrain10000__rep5,MIM,0.17199881374835968,0.9505000710487366,0.49239182472229004,0.7590000629425049,0.24099993705749512,0.1915000081062317
mnist_ntrain10000__rep5,SA,0.17199881374835968,0.9505000710487366,0.5051704049110413,0.7440000176429749,0.25599998235702515,0.20650005340576172
mnist_ntrain500_6_9_rep1,FGSM,0.5060476064682007,0.7400000095367432,0.6809259057044983,0.5299999713897705,0.4700000286102295,0.21000003814697266
mnist_ntrain500_6_9_rep1,PGD,0.5060476064682007,0.7400000095367432,0.6754679083824158,0.5299999713897705,0.4700000286102295,0.21000003814697266
mnist_ntrain500_6_9_rep1,APGD,0.5060476064682007,0.7400000095367432,0.6713311672210693,0.5299999713897705,0.4700000286102295,0.21000003814697266
mnist_ntrain500_6_9_rep1,MIM,0.5060476064682007,0.7400000095367432,0.6811425685882568,0.5299999713897705,0.4700000286102295,0.21000003814697266
mnist_ntrain500_6_9_rep1,SA,0.5060476064682007,0.7400000095367432,0.7798287868499756,0.3700000047683716,0.6299999952316284,0.3700000047683716
mnist_ntrain500_6_9_rep2,FGSM,0.5060476064682007,0.7400000095367432,0.6809259057044983,0.5299999713897705,0.4700000286102295,0.21000003814697266
mnist_ntrain500_6_9_rep2,PGD,0.5060476064682007,0.7400000095367432,0.6754679083824158,0.5299999713897705,0.4700000286102295,0.21000003814697266
mnist_ntrain500_6_9_rep2,APGD,0.5060476064682007,0.7400000095367432,0.6713311672210693,0.5299999713897705,0.4700000286102295,0.21000003814697266
mnist_ntrain500_6_9_rep2,MIM,0.5060476064682007,0.7400000095367432,0.6811425685882568,0.5299999713897705,0.4700000286102295,0.21000003814697266
mnist_ntrain500_6_9_rep2,SA,0.5060476064682007,0.7400000095367432,0.7798287868499756,0.3700000047683716,0.6299999952316284,0.3700000047683716
mnist_ntrain500_6_9_rep3,FGSM,0.5060476064682007,0.7400000095367432,0.6809259057044983,0.5299999713897705,0.4700000286102295,0.21000003814697266
mnist_ntrain500_6_9_rep3,PGD,0.5060476064682007,0.7400000095367432,0.6754679083824158,0.5299999713897705,0.4700000286102295,0.21000003814697266
mnist_ntrain500_6_9_rep3,APGD,0.5060476064682007,0.7400000095367432,0.6713311672210693,0.5299999713897705,0.4700000286102295,0.21000003814697266
mnist_ntrain500_6_9_rep3,MIM,0.5060476064682007,0.7400000095367432,0.6811425685882568,0.5299999713897705,0.4700000286102295,0.21000003814697266
mnist_ntrain500_6_9_rep3,SA,0.5060476064682007,0.7400000095367432,0.7798287868499756,0.3700000047683716,0.6299999952316284,0.3700000047683716
mnist_ntrain500_6_9_rep4,FGSM,0.5060476064682007,0.7400000095367432,0.6809259057044983,0.5299999713897705,0.4700000286102295,0.21000003814697266
mnist_ntrain500_6_9_rep4,PGD,0.5060476064682007,0.7400000095367432,0.6754679083824158,0.5299999713897705,0.4700000286102295,0.21000003814697266
mnist_ntrain500_6_9_rep4,APGD,0.5060476064682007,0.7400000095367432,0.6713311672210693,0.5299999713897705,0.4700000286102295,0.21000003814697266
mnist_ntrain500_6_9_rep4,MIM,0.5060476064682007,0.7400000095367432,0.6811425685882568,0.5299999713897705,0.4700000286102295,0.21000003814697266
mnist_ntrain500_6_9_rep4,SA,0.5060476064682007,0.7400000095367432,0.7798287868499756,0.3700000047683716,0.6299999952316284,0.3700000047683716
mnist_ntrain500_6_9_rep5,FGSM,0.5060476064682007,0.7400000095367432,0.6809259057044983,0.5299999713897705,0.4700000286102295,0.21000003814697266
mnist_ntrain500_6_9_rep5,PGD,0.5060476064682007,0.7400000095367432,0.6754679083824158,0.5299999713897705,0.4700000286102295,0.21000003814697266
mnist_ntrain500_6_9_rep5,APGD,0.5060476064682007,0.7400000095367432,0.6713311672210693,0.5299999713897705,0.4700000286102295,0.21000003814697266
mnist_ntrain500_6_9_rep5,MIM,0.5060476064682007,0.7400000095367432,0.6811425685882568,0.5299999713897705,0.4700000286102295,0.21000003814697266
mnist_ntrain500_6_9_rep5,SA,0.5060476064682007,0.7400000095367432,0.7798287868499756,0.3700000047683716,0.6299999952316284,0.3700000047683716
mnist_ntrain1000_6_9_rep1,FGSM,0.4578157067298889,0.7699999809265137,0.7418795824050903,0.5249999761581421,0.4750000238418579,0.24500000476837158
mnist_ntrain1000_6_9_rep1,PGD,0.4578157067298889,0.7699999809265137,0.7456020712852478,0.5249999761581421,0.4750000238418579,0.24500000476837158
mnist_ntrain1000_6_9_rep1,APGD,0.4578157067298889,0.7699999809265137,0.7427090406417847,0.5249999761581421,0.4750000238418579,0.24500000476837158
mnist_ntrain1000_6_9_rep1,MIM,0.4578157067298889,0.7699999809265137,0.7485383152961731,0.5249999761581421,0.4750000238418579,0.24500000476837158
mnist_ntrain1000_6_9_rep1,SA,0.4578157067298889,0.7699999809265137,0.8323895335197449,0.41499999165534973,0.5850000381469727,0.35499998927116394
mnist_ntrain1000_6_9_rep2,FGSM,0.4578157067298889,0.7699999809265137,0.7418795824050903,0.5249999761581421,0.4750000238418579,0.24500000476837158
mnist_ntrain1000_6_9_rep2,PGD,0.4578157067298889,0.7699999809265137,0.7456020712852478,0.5249999761581421,0.4750000238418579,0.24500000476837158
mnist_ntrain1000_6_9_rep2,APGD,0.4578157067298889,0.7699999809265137,0.7427090406417847,0.5249999761581421,0.4750000238418579,0.24500000476837158
mnist_ntrain1000_6_9_rep2,MIM,0.4578157067298889,0.7699999809265137,0.7485383152961731,0.5249999761581421,0.4750000238418579,0.24500000476837158
mnist_ntrain1000_6_9_rep2,SA,0.4578157067298889,0.7699999809265137,0.8323895335197449,0.41499999165534973,0.5850000381469727,0.35499998927116394
mnist_ntrain1000_6_9_rep3,FGSM,0.4578157067298889,0.7699999809265137,0.7418795824050903,0.5249999761581421,0.4750000238418579,0.24500000476837158
mnist_ntrain1000_6_9_rep3,PGD,0.4578157067298889,0.7699999809265137,0.7456020712852478,0.5249999761581421,0.4750000238418579,0.24500000476837158
mnist_ntrain1000_6_9_rep3,APGD,0.4578157067298889,0.7699999809265137,0.7427090406417847,0.5249999761581421,0.4750000238418579,0.24500000476837158
mnist_ntrain1000_6_9_rep3,MIM,0.4578157067298889,0.7699999809265137,0.7485383152961731,0.5249999761581421,0.4750000238418579,0.24500000476837158
mnist_ntrain1000_6_9_rep3,SA,0.4578157067298889,0.7699999809265137,0.8323895335197449,0.41499999165534973,0.5850000381469727,0.35499998927116394
mnist_ntrain1000_6_9_rep4,FGSM,0.4578157067298889,0.7699999809265137,0.7418795824050903,0.5249999761581421,0.4750000238418579,0.24500000476837158
mnist_ntrain1000_6_9_rep4,PGD,0.4578157067298889,0.7699999809265137,0.7456020712852478,0.5249999761581421,0.4750000238418579,0.24500000476837158
mnist_ntrain1000_6_9_rep4,APGD,0.4578157067298889,0.7699999809265137,0.7427090406417847,0.5249999761581421,0.4750000238418579,0.24500000476837158
mnist_ntrain1000_6_9_rep4,MIM,0.4578157067298889,0.7699999809265137,0.7485383152961731,0.5249999761581421,0.4750000238418579,0.24500000476837158
mnist_ntrain1000_6_9_rep4,SA,0.4578157067298889,0.7699999809265137,0.8323895335197449,0.41499999165534973,0.5850000381469727,0.35499998927116394
mnist_ntrain1000_6_9_rep5,FGSM,0.4578157067298889,0.7699999809265137,0.7418795824050903,0.5249999761581421,0.4750000238418579,0.24500000476837158
mnist_ntrain1000_6_9_rep5,PGD,0.4578157067298889,0.7699999809265137,0.7456020712852478,0.5249999761581421,0.4750000238418579,0.24500000476837158
mnist_ntrain1000_6_9_rep5,APGD,0.4578157067298889,0.7699999809265137,0.7427090406417847,0.5249999761581421,0.4750000238418579,0.24500000476837158
mnist_ntrain1000_6_9_rep5,MIM,0.4578157067298889,0.7699999809265137,0.7485383152961731,0.5249999761581421,0.4750000238418579,0.24500000476837158
mnist_ntrain1000_6_9_rep5,SA,0.4578157067298889,0.7699999809265137,0.8323895335197449,0.41499999165534973,0.5850000381469727,0.35499998927116394
mnist_ntrain2000_6_9_rep1,FGSM,0.42191237211227417,0.7874999642372131,0.6594703793525696,0.5224999785423279,0.4775000214576721,0.26499998569488525
mnist_ntrain2000_6_9_rep1,PGD,0.42191237211227417,0.7874999642372131,0.6455084681510925,0.6175000071525574,0.3824999928474426,0.16999995708465576
mnist_ntrain2000_6_9_rep1,APGD,0.42191237211227417,0.7874999642372131,0.6350570321083069,0.6399999856948853,0.36000001430511475,0.14749997854232788
mnist_ntrain2000_6_9_rep1,MIM,0.42191237211227417,0.7874999642372131,0.6608999371528625,0.5224999785423279,0.4775000214576721,0.26499998569488525
mnist_ntrain2000_6_9_rep1,SA,0.42191237211227417,0.7874999642372131,0.7230320572853088,0.5199999809265137,0.48000001907348633,0.26749998331069946
mnist_ntrain2000_6_9_rep2,FGSM,0.42191237211227417,0.7874999642372131,0.6594703793525696,0.5224999785423279,0.4775000214576721,0.26499998569488525
mnist_ntrain2000_6_9_rep2,PGD,0.42191237211227417,0.7874999642372131,0.6455084681510925,0.6175000071525574,0.3824999928474426,0.16999995708465576
mnist_ntrain2000_6_9_rep2,APGD,0.42191237211227417,0.7874999642372131,0.6350570321083069,0.6399999856948853,0.36000001430511475,0.14749997854232788
mnist_ntrain2000_6_9_rep2,MIM,0.42191237211227417,0.7874999642372131,0.6608999371528625,0.5224999785423279,0.4775000214576721,0.26499998569488525
mnist_ntrain2000_6_9_rep2,SA,0.42191237211227417,0.7874999642372131,0.7230320572853088,0.5199999809265137,0.48000001907348633,0.26749998331069946
mnist_ntrain2000_6_9_rep3,FGSM,0.42191237211227417,0.7874999642372131,0.6594703793525696,0.5224999785423279,0.4775000214576721,0.26499998569488525
mnist_ntrain2000_6_9_rep3,PGD,0.42191237211227417,0.7874999642372131,0.6455084681510925,0.6175000071525574,0.3824999928474426,0.16999995708465576
mnist_ntrain2000_6_9_rep3,APGD,0.42191237211227417,0.7874999642372131,0.6350570321083069,0.6399999856948853,0.36000001430511475,0.14749997854232788
mnist_ntrain2000_6_9_rep3,MIM,0.42191237211227417,0.7874999642372131,0.6608999371528625,0.5224999785423279,0.4775000214576721,0.26499998569488525
mnist_ntrain2000_6_9_rep3,SA,0.42191237211227417,0.7874999642372131,0.7230320572853088,0.5199999809265137,0.48000001907348633,0.26749998331069946
mnist_ntrain2000_6_9_rep4,FGSM,0.42191237211227417,0.7874999642372131,0.6594703793525696,0.5224999785423279,0.4775000214576721,0.26499998569488525
mnist_ntrain2000_6_9_rep4,PGD,0.42191237211227417,0.7874999642372131,0.6455084681510925,0.6175000071525574,0.3824999928474426,0.16999995708465576
mnist_ntrain2000_6_9_rep4,APGD,0.42191237211227417,0.7874999642372131,0.6350570321083069,0.6399999856948853,0.36000001430511475,0.14749997854232788
mnist_ntrain2000_6_9_rep4,MIM,0.42191237211227417,0.7874999642372131,0.6608999371528625,0.5224999785423279,0.4775000214576721,0.26499998569488525
mnist_ntrain2000_6_9_rep4,SA,0.42191237211227417,0.7874999642372131,0.7230320572853088,0.5199999809265137,0.48000001907348633,0.26749998331069946
mnist_ntrain2000_6_9_rep5,FGSM,0.42191237211227417,0.7874999642372131,0.6594703793525696,0.5224999785423279,0.4775000214576721,0.26499998569488525
mnist_ntrain2000_6_9_rep5,PGD,0.42191237211227417,0.7874999642372131,0.6455084681510925,0.6175000071525574,0.3824999928474426,0.16999995708465576
mnist_ntrain2000_6_9_rep5,APGD,0.42191237211227417,0.7874999642372131,0.6350570321083069,0.6399999856948853,0.36000001430511475,0.14749997854232788
mnist_ntrain2000_6_9_rep5,MIM,0.42191237211227417,0.7874999642372131,0.6608999371528625,0.5224999785423279,0.4775000214576721,0.26499998569488525
mnist_ntrain2000_6_9_rep5,SA,0.42191237211227417,0.7874999642372131,0.7230320572853088,0.5199999809265137,0.48000001907348633,0.26749998331069946
mnist_ntrain5000_6_9_rep1,FGSM,0.42663973569869995,0.781000018119812,0.6785105466842651,0.5170000195503235,0.4829999804496765,0.2639999985694885
mnist_ntrain5000_6_9_rep1,PGD,0.42663973569869995,0.781000018119812,0.6738240122795105,0.5170000195503235,0.4829999804496765,0.2639999985694885
mnist_ntrain5000_6_9_rep1,APGD,0.42663973569869995,0.781000018119812,0.6689794063568115,0.5170000195503235,0.4829999804496765,0.2639999985694885
mnist_ntrain5000_6_9_rep1,MIM,0.42663973569869995,0.781000018119812,0.6804371476173401,0.5170000195503235,0.4829999804496765,0.2639999985694885
mnist_ntrain5000_6_9_rep1,SA,0.42663973569869995,0.781000018119812,0.7563086748123169,0.406000018119812,0.593999981880188,0.375
mnist_ntrain5000_6_9_rep2,FGSM,0.42663973569869995,0.781000018119812,0.6785105466842651,0.5170000195503235,0.4829999804496765,0.2639999985694885
mnist_ntrain5000_6_9_rep2,PGD,0.42663973569869995,0.781000018119812,0.6738240122795105,0.5170000195503235,0.4829999804496765,0.2639999985694885
mnist_ntrain5000_6_9_rep2,APGD,0.42663973569869995,0.781000018119812,0.6689794063568115,0.5170000195503235,0.4829999804496765,0.2639999985694885
mnist_ntrain5000_6_9_rep2,MIM,0.42663973569869995,0.781000018119812,0.6804371476173401,0.5170000195503235,0.4829999804496765,0.2639999985694885
mnist_ntrain5000_6_9_rep2,SA,0.42663973569869995,0.781000018119812,0.7563086748123169,0.406000018119812,0.593999981880188,0.375
mnist_ntrain5000_6_9_rep3,FGSM,0.42663973569869995,0.781000018119812,0.6785105466842651,0.5170000195503235,0.4829999804496765,0.2639999985694885
mnist_ntrain5000_6_9_rep3,PGD,0.42663973569869995,0.781000018119812,0.6738240122795105,0.5170000195503235,0.4829999804496765,0.2639999985694885
mnist_ntrain5000_6_9_rep3,APGD,0.42663973569869995,0.781000018119812,0.6689794063568115,0.5170000195503235,0.4829999804496765,0.2639999985694885
mnist_ntrain5000_6_9_rep3,MIM,0.42663973569869995,0.781000018119812,0.6804371476173401,0.5170000195503235,0.4829999804496765,0.2639999985694885
mnist_ntrain5000_6_9_rep3,SA,0.42663973569869995,0.781000018119812,0.7563086748123169,0.406000018119812,0.593999981880188,0.375
mnist_ntrain5000_6_9_rep4,FGSM,0.42663973569869995,0.781000018119812,0.6785105466842651,0.5170000195503235,0.4829999804496765,0.2639999985694885
mnist_ntrain5000_6_9_rep4,PGD,0.42663973569869995,0.781000018119812,0.6738240122795105,0.5170000195503235,0.4829999804496765,0.2639999985694885
mnist_ntrain5000_6_9_rep4,APGD,0.42663973569869995,0.781000018119812,0.6689794063568115,0.5170000195503235,0.4829999804496765,0.2639999985694885
mnist_ntrain5000_6_9_rep4,MIM,0.42663973569869995,0.781000018119812,0.6804371476173401,0.5170000195503235,0.4829999804496765,0.2639999985694885
mnist_ntrain5000_6_9_rep4,SA,0.42663973569869995,0.781000018119812,0.7563086748123169,0.406000018119812,0.593999981880188,0.375
mnist_ntrain5000_6_9_rep5,FGSM,0.42663973569869995,0.781000018119812,0.6785105466842651,0.5170000195503235,0.4829999804496765,0.2639999985694885
mnist_ntrain5000_6_9_rep5,PGD,0.42663973569869995,0.781000018119812,0.6738240122795105,0.5170000195503235,0.4829999804496765,0.2639999985694885
mnist_ntrain5000_6_9_rep5,APGD,0.42663973569869995,0.781000018119812,0.6689794063568115,0.5170000195503235,0.4829999804496765,0.2639999985694885
mnist_ntrain5000_6_9_rep5,MIM,0.42663973569869995,0.781000018119812,0.6804371476173401,0.5170000195503235,0.4829999804496765,0.2639999985694885
mnist_ntrain5000_6_9_rep5,SA,0.42663973569869995,0.781000018119812,0.7563086748123169,0.406000018119812,0.593999981880188,0.375
